Никита, 474607132, /hi
Никита, 474607132, /time
Никита, 474607132, /sum 123 325
SScНикита, 474607132, /hi
Никита, 474607132, /help
Никита, 474607132, /hi
Никита, 474607132, /time
Никита, 474607132, /help
Никита, 474607132, /sum 123 435
Никита, 474607132, /hi
Никита, 474607132, /help
Никита, 474607132, /time
Никита, 474607132, /help
Никита, 474607132, /hi
Никита, 474607132, /help
Никита, 474607132, /hi
Никита, 474607132, /time
Никита, 474607132, /hi
Никита, 474607132, /time
Никита, 474607132, /sum 123 423
Никита, 474607132, /hi
Никита, 474607132, /help
Никита, 474607132, /diff
Никита, 474607132, /diff 5 1
Никита, 474607132, /hi
Никита, 474607132, /help
Никита, 474607132, /hi
Никита, 474607132, /time
Никита, 474607132, /help
Никита, 474607132, /sum 123 123
Никита, 474607132, /diff 123 32
Никита, 474607132, /hi
Никита, 474607132, /help
Никита, 474607132, /hi
Никита, 474607132, /time
Никита, 474607132, /sum 123 234
Никита, 474607132, /diff 123 32
Никита, 474607132, /mult 12 3
Никита, 474607132, /div 100 5
